TradingDate,LowPrice,Volume,n,Margin Trading,production(coal),AQI,PMI,USD,log,garch,vola
2018/7/2,39.4,11245,0.010512821,5.58E+11,3551,30,51.2,661.57,0.010457945,0.0208277,0.00565206
2018/7/3,39.5,3300,0.002283684,5.58E+11,3551,39,51.2,664.97,0.002281081,0.01974474,0.0056217
2018/7/4,38.4,165738,-0.021012658,5.55E+11,3551,65,51.2,665.95,-0.021236566,0.02397058,0.010542285
2018/7/5,39,26472,0.009826739,5.52E+11,3551,42,51.2,661.8,0.009778771,0.02261874,0.011513727
2018/7/6,38.7,39206,-0.006658131,5.49E+11,3551,37,51.2,663.36,-0.006680395,0.02085331,0.011832037
2018/7/9,39.1,2702,0.012374323,5.48E+11,3551,57,51.2,663.93,0.012298387,0.02163412,0.012207903
2018/7/10,38.7,11612,-0.011713776,5.48E+11,3551,30,51.2,662.59,-0.011782923,0.02121148,0.012800151
2018/7/11,38.99,1764,0.005410977,5.45E+11,3551,40,51.2,662.34,0.00539639,0.02005488,0.009415135
2018/7/12,39.2,1869,0.004613019,5.46E+11,3551,37,51.2,667.26,0.004602412,0.01922452,0.008741611
2018/7/13,38.8,24659,0.005102041,5.44E+11,3551,44,51.2,667.27,0.00508907,0.01875267,0.007969901
2018/7/16,38,87827,-0.024365482,5.44E+11,3551,40,51.2,667.58,-0.024667232,0.02437445,0.012101587
2018/7/17,38,99516,-0.008844953,5.45E+11,3551,30,51.2,668.21,-0.008884302,0.02184216,0.011793419
2018/7/18,38,24977,0.029658793,5.44E+11,3551,36,51.2,669.14,0.029227478,0.02889343,0.017793075
2018/7/19,39.5,36263,0.010196278,5.43E+11,3551,33,51.2,670.66,0.010144647,0.02527996,0.01814749
2018/7/20,39,58591,0.009084027,5.41E+11,3551,42,51.2,676.71,0.009043016,0.02290998,0.018342046
2018/7/23,39.1,35752,-0.006751688,5.40E+11,3551,34,51.2,675.93,-0.006774584,0.020784,0.013778003
2018/7/24,39.7,11226,0.005287009,5.40E+11,3551,123,51.2,678.91,0.005273082,0.01953753,0.011597051
2018/7/25,39,20682,0.003506136,5.41E+11,3551,138,51.2,680.4,0.003500004,0.018526,0.006014477
2018/7/26,39.8,24780,0.006987771,5.42E+11,3551,76,51.2,676.62,0.00696347,0.01841967,0.005502373
2018/7/27,41,42740,0.05377943,5.40E+11,3551,186,51.2,679.42,0.052383159,0.02845834,0.020619363
2018/7/30,42,6828,-0.007761054,5.40E+11,3551,85,51.2,681.31,-0.007791327,0.03259007,0.020810298
2018/8/21,37.97,9728,-0.100023702,5.26E+11,3670,49,51.3,683.6,-0.105386852,0.0781341,0.051894462
2018/8/22,34.17,28077,-0.099552278,5.26E+11,3670,48,51.3,682.71,-0.104863171,0.06574584,0.063117446
2018/8/29,35,3889,0.023691138,5.23E+11,3670,41,51.3,680.72,0.023414858,0.0693555,0.065435458
2018/8/30,31.6,10,-0.097142857,5.23E+11,3670,54,51.3,681.13,-0.102190941,0.087407,0.05573958
2018/8/31,29.01,16,-0.076898734,5.20E+11,3670,110,51.3,682.46,-0.080016337,0.08432793,0.049513769
2018/9/5,32.09,2650,0.100102845,5.19E+11,3655,146,50.8,682.66,0.095403671,0.09144455,0.079787545
2018/9/10,33,500,0.028357744,5.16E+11,3655,59,50.8,683.89,0.027963106,0.06913912,0.073520961
2018/9/11,36.3,4489,0.1,5.15E+11,3655,43,50.8,684.88,0.09531018,0.08469918,0.084317758
2018/9/17,32.8,105,-0.038567493,5.11E+11,3655,26,50.8,685.09,-0.039330912,0.06878601,0.070631555
2018/9/18,31.5,1010,-0.026361032,5.11E+11,3655,27,50.8,685.54,-0.026714713,0.06212588,0.057565889
2018/9/19,30.6,20,-0.099470277,5.09E+11,3655,28,50.8,685.69,-0.104772107,0.07202978,0.067307744
2018/9/20,30.2,13268,-0.012745098,5.08E+11,3655,29,50.8,685.3,-0.012827014,0.06202401,0.064692742
2018/9/21,27.2,515,0.022509103,5.05E+11,3655,30,50.8,683.57,0.022259512,0.05799312,0.041686378
2018/9/25,28.9,1,-0.064422143,5.06E+11,3655,48,50.8,684.4,-0.066590912,0.05925696,0.043972339
2018/9/26,30,330,0.038062284,5.06E+11,3655,59,50.8,685.71,0.037355787,0.05212354,0.053597097
2018/9/28,30,6248,0.000666667,5.00E+11,3655,54,50.8,687.92,0.000666445,0.04947509,0.03582465
2018/10/9,29.01,11156,-0.033644237,5.03E+11,3661,74,50.2,690.19,-0.034223228,0.04651592,0.037863937
2018/10/11,29,2,-0.000344709,4.95E+11,3661,49,50.2,690.98,-0.000344768,0.04158038,0.035225981
2018/10/12,29,8519,0.013793103,4.89E+11,3661,53,50.2,691.2,0.013698844,0.03789945,0.023220938
2018/10/25,32.34,4918,0.1,4.75E+11,3661,66,50.2,694.09,0.09531018,0.05509497,0.043163074
2018/10/26,35.57,8000,0.099876314,4.74E+11,3661,75,50.2,695.1,0.095197732,0.07873858,0.052440792
2018/10/29,34.01,51,-0.041045825,4.74E+11,3661,94,50.2,693.77,-0.04191199,0.06791422,0.054489394
2018/10/30,34,500,-0.003224861,4.74E+11,3661,55,50.2,695.74,-0.003230072,0.05415995,0.054847114
2018/10/31,36,1,0.058823529,4.73E+11,3661,57,50.2,696.46,0.057158414,0.0548849,0.054731263
2018/11/2,39.6,4540,0.1,4.72E+11,3541,54,50,693.71,0.09531018,0.06523814,0.054731263
2018/11/12,35.64,1,-0.1,4.76E+11,3541,43,50,694.76,-0.105360516,0.08728092,0.071018629
2018/11/15,39.16,500,0.098765432,4.80E+11,3541,88,50,693.92,0.094187215,0.07865562,0.075526441
2018/11/20,35.31,1,-0.098314607,4.82E+11,3541,80,50,692.8,-0.103489608,0.08344914,0.09246343
2018/11/28,33.02,1,-0.064854149,4.79E+11,3541,163,50,695,-0.067052771,0.07963528,0.092486854
2018/12/7,30.5,10000,-0.076317383,4.76E+11,3807,39,49.4,686.64,-0.079386755,0.08457641,0.074626541
2018/12/11,33.5,500,0.098360656,4.76E+11,3807,37,49.4,689.96,0.093818755,0.08187824,0.08765241
2018/12/14,33,1,-0.014925373,4.74E+11,3807,68,49.4,687.5,-0.015037877,0.07288549,0.070254084
2018/12/17,33,10,0,4.74E+11,3807,134,49.4,689.08,0,0.06472357,0.061499413
2018/12/18,30,2,-0.090909091,4.74E+11,3807,117,49.4,688.54,-0.09531018,0.0712784,0.067192865
2018/12/19,30,1,0,4.73E+11,3807,112,49.4,688.69,0,0.06331203,0.060095729
2018/12/20,27.01,42400,-0.027,4.74E+11,3807,84,49.4,689.36,-0.027371197,0.05264979,0.035400655
2019/1/4,29.01,8000,-0.006166495,4.68E+11,3808,75,49.5,685.86,-0.006185587,0.05126559,0.036194296
2019/1/8,31.91,1,0.099965529,4.69E+11,3808,75,49.5,684.02,0.095278842,0.06298002,0.061194607
2019/1/9,35.1,1,0.099968662,4.68E+11,3808,55,49.5,685.26,0.09528169,0.07751143,0.052941603
2019/1/10,38.6,1,0.0997151,4.68E+11,3808,59,49.5,681.6,0.095051146,0.08423813,0.05526751
2019/1/11,35.05,6340,-0.09119171,4.67E+11,3808,70,49.5,679.09,-0.095621109,0.08813901,0.076962565
2019/1/17,33,1,-0.059293044,4.65E+11,3808,105,49.5,675.92,-0.061123606,0.08111615,0.085731594
2019/1/21,30,2,-0.090909091,4.62E+11,3808,90,49.5,677.74,-0.09531018,0.08585866,0.088673469
2019/1/24,27.32,4201,-0.089333333,4.62E+11,3808,127,49.5,678.02,-0.093578347,0.08158,0.073752115
2019/1/31,30.06,79826,0.100292826,4.50E+11,3808,127,49.5,670.25,0.09557635,0.09155989,0.073958878
2019/2/21,33.07,2100,0.100133067,4.66E+11,3808,77,49.2,672.2,0.095431143,0.09359824,0.08845639
2019/2/22,36.38,1,0.100090717,4.69E+11,3808,64,49.2,671.51,0.095392646,0.0949578,0.09303863
2019/2/25,40.02,10,0.100054975,4.80E+11,3808,102,49.2,671.31,0.095360156,0.09586564,0.075607404
2019/2/26,38,4283,0.099450275,4.85E+11,3808,53,49.2,669.52,0.094810305,0.0963084,0.000262516
2019/2/27,40,2980,-0.083181818,4.92E+11,3808,60,49.2,668.57,-0.086846101,0.09373927,0.072838221
2019/2/28,37,1,-0.082796232,4.91E+11,3808,58,49.2,669.01,-0.08642562,0.09178631,0.08907533
2019/3/4,40.6,20001,0.097297297,4.99E+11,3810,127,50.5,670.49,0.092850154,0.09291637,0.08866383
2019/3/5,36.54,11,-0.000246305,5.07E+11,3810,108,50.5,669.98,-0.000246336,0.07799471,0.08072402
2019/3/6,36.53,40031,-0.098053708,5.17E+11,3810,103,50.5,670.53,-0.103200304,0.08668641,0.074191164
2019/3/7,40.27,35001,0.099972685,5.27E+11,3810,89,50.5,671.1,0.095285348,0.09019716,0.084639939
2019/3/8,38,21,-0.009187981,5.27E+11,3810,52,50.5,672.35,-0.009230451,0.07613143,0.073888049
2019/3/14,36,5313,-0.067669173,5.43E+11,3810,58,50.5,670.09,-0.070067563,0.07466199,0.06810947
2019/3/18,40.8,5000,0.096774194,5.46E+11,3810,55,50.5,670.88,0.09237332,0.08131858,0.081549702
2019/3/19,41,5741,0.01127451,5.50E+11,3810,64,50.5,670.62,0.011211426,0.06901802,0.063044416
2019/3/22,40.5,75474,-0.018419777,5.57E+11,3810,46,50.5,669.44,-0.018591534,0.05897382,0.052900565
2019/3/25,36.45,5,-0.1,5.62E+11,3810,80,50.5,670.98,-0.105360516,0.07610865,0.0683795
2019/3/26,39.98,52378,0.096844993,5.61E+11,3810,82,50.5,670.42,0.092437871,0.0819907,0.074311421
2019/3/27,40,2378,0.00050025,5.63E+11,3810,84,50.5,671.41,0.000500125,0.06990355,0.06330681
2019/3/28,40.11,1,0.00275,5.62E+11,3810,97,50.5,672.63,0.002746226,0.05974511,0.062990827
2019/3/29,40.88,10298,0.019197208,5.63E+11,3810,63,50.5,673.35,0.019015266,0.05197037,0.063241643
2019/4/3,36.72,1,-0.101761252,5.78E+11,3899,77,50.1,671.94,-0.10731938,0.0722089,0.063907258
2019/4/4,33.05,11,0.081699346,5.78E+11,3899,55,50.1,670.55,0.078533273,0.07479055,0.060076256
2019/4/8,35.75,20,0.029204431,5.88E+11,3899,99,50.1,672.01,0.028786107,0.06643325,0.061299223
2019/4/11,38.01,1,-0.070205479,5.91E+11,3899,56,50.1,670.88,-0.072791663,0.06843625,0.068695547
2019/4/12,37.18,1,-0.021836359,5.88E+11,3899,84,50.1,672.2,-0.022078301,0.06025011,0.067081413
2019/4/17,35,3701,0.001075847,5.98E+11,3899,75,50.1,671.1,0.001075269,0.05219895,0.050491119
2019/4/18,37.22,1,0,5.99E+11,3899,115,50.1,669.11,0,0.04505754,0.03397249
2019/4/19,40.8,1,0.096184847,5.99E+11,3899,60,50.1,669.11,0.09183583,0.06227729,0.053329703
2019/4/22,40.8,312,0,6.03E+11,3899,54,50.1,670.35,0,0.05453426,0.03979691
2019/4/24,40.2,30,0,6.03E+11,3899,123,50.1,672.05,0,0.04786002,0.036629173
2019/4/25,36.72,50,-0.1,5.99E+11,3899,62,50.1,673.07,-0.105360516,0.06675614,0.062446897
2019/4/26,33.05,42.81,-0.099945534,5.96E+11,3899,44,50.1,673.07,-0.105299999,0.07797263,0.074563914
2019/4/29,36.36,2,0.100151286,5.92E+11,3899,68,50.1,673.1,0.095447703,0.08342091,0.075689357
2019/4/30,38,6856,0.100110011,5.84E+11,3899,54,50.1,672.86,0.095410185,0.08726707,0.089804083
2019/5/6,38,8000,-0.05,5.79E+11,4016,59,49.4,673.44,-0.051293294,0.08016728,0.09167592
2019/5/7,40.5,2000,0.065789474,5.77E+11,4016,66,49.4,676.14,0.063715814,0.07714989,0.082549539
2019/5/8,40,9010,-0.008641975,5.77E+11,4016,70,49.4,675.96,-0.008679534,0.06774614,0.059000862
2019/5/9,39.2,24236,-0.020423412,5.76E+11,4016,127,49.4,676.65,-0.020634854,0.06020699,0.054885183
2019/5/10,40.27,3101,0.024154589,5.76E+11,4016,103,49.4,679.12,0.023867481,0.05416574,0.039374518
2019/5/13,39.85,510,-0.009433962,5.73E+11,4016,58,49.4,679.54,-0.009478744,0.04742033,0.030803389
2019/5/14,39.93,1,0.00075188,5.73E+11,4016,55,49.4,683.65,0.000751597,0.0410707,0.014973436
2019/5/15,35.94,30000,-0.065614826,5.73E+11,4016,36,49.4,686.49,-0.067866534,0.05025136,0.03038211
2019/5/16,40.03,1501,0.072902707,5.73E+11,4016,60,49.4,686.88,0.070367786,0.05683923,0.045067316
2019/5/17,40.01,10500,0.000749438,5.69E+11,4016,49,49.4,688.59,0.000749157,0.05010749,0.043914611
2019/5/20,41.6,16000,0.038442336,5.69E+11,4016,61,49.4,689.88,0.037721837,0.04826684,0.046115895
2019/5/21,40.9,21500,-0.012259615,5.70E+11,4016,125,49.4,689.9,-0.012335384,0.04303675,0.046838313
2019/5/23,39.6,37469,-0.011925043,5.67E+11,4016,202,49.4,689.94,-0.011996716,0.03847923,0.03238188
2019/5/24,40.8,44215,0.006403941,5.64E+11,4016,123,49.4,689.93,0.006383523,0.03428402,0.018308996
2019/5/27,40,5586,-0.020802741,5.66E+11,4016,56,49.4,689.24,-0.021022167,0.03218755,0.020982797
2019/5/28,40,8301,0.001249688,5.65E+11,4016,62,49.4,689.73,0.001248907,0.02872587,0.00995727
2019/5/29,40.3,85834,0.009985022,5.65E+11,4016,92,49.4,689.88,0.009935502,0.02644854,0.011654438
2019/5/30,40.05,2348,0.006178942,5.64E+11,4016,85,49.4,689.9,0.006159931,0.02426306,0.011130457
2019/6/6,38.8,25000,-0.046917219,5.52E+11,4169,44,49.4,689.45,-0.048053516,0.03323639,0.021698222
2019/6/11,38.8,16500,0,5.53E+11,4169,63,49.4,689.3,0,0.02982799,0.021254404
2019/6/12,39.05,5791,0.006443299,5.54E+11,4169,63,49.4,689.32,0.00642263,0.02696233,0.021710079
2019/6/13,39,40000,-0.00128041,5.54E+11,4169,54,49.4,689.34,-0.00128123,0.02488691,0.020590445
2019/6/14,39,49500,0.009230769,5.52E+11,4169,68,49.4,689.37,0.009188426,0.02354111,0.021019048
2019/6/18,40.5,1000,0.028963415,5.50E+11,4169,45,49.4,689.42,0.028551902,0.02669106,0.010721581
2019/6/20,38.37,20000,-0.052592593,5.53E+11,4169,36,49.4,688.05,-0.05402607,0.03657937,0.027700206
2019/6/24,39,10100,0.049257232,5.54E+11,4169,73,49.4,685.03,0.048082516,0.03771981,0.034484155
2019/6/25,40.2,16505,0.000993542,5.55E+11,4169,45,49.4,685.8,0.000993049,0.03411625,0.034398647
2019/6/26,40.2,997,-0.00248139,5.55E+11,4169,47,49.4,687.01,-0.002484473,0.03247274,0.034536733
2019/6/27,40.1,10000,0.000248756,5.55E+11,4169,75,49.4,687.78,0.000248725,0.02918896,0.032334615
2019/6/28,40.25,2385,0.047003233,5.53E+11,4169,121,49.4,687.47,0.04593202,0.0357569,0.023270482
2019/7/1,40.1,51000,-0.043942993,5.56E+11,3961,48,49.7,687.16,-0.044937737,0.03899277,0.028762333
2019/7/2,40.55,46700,0.007453416,5.57E+11,3961,65,49.7,685.13,0.007425777,0.03488261,0.028923617
2019/7/3,40,4470,-0.013563502,5.58E+11,3961,71,49.7,686.4,-0.013656326,0.03185758,0.029549534
2019/7/4,40,500,0,5.58E+11,3961,70,49.7,687.05,0,0.02870482,0.029547603
2019/7/8,40.5,99579,0.01375,5.57E+11,3961,112,49.7,688.81,0.013656326,0.02715692,0.020813954
2019/7/9,40.2,4037,-0.001233046,5.56E+11,3961,37,49.7,688.53,-0.001233806,0.02479366,0.009186804
2019/7/10,40.5,2,0,5.56E+11,3961,43,49.7,688.56,0,0.02284399,0.008651108
2019/7/17,40.2,34000,-0.00691358,5.54E+11,3961,39,49.7,688.27,-0.00693759,0.02155625,0.006784258
2019/7/18,40.3,6650,0.003232223,5.53E+11,3961,25,49.7,687.61,0.00322701,0.02022805,0.006802671
2019/7/19,40,21071,-0.004708798,5.51E+11,3961,25,49.7,686.35,-0.004719919,0.01921486,0.003568302
2019/7/22,39.5,1,-0.016434263,5.50E+11,3961,90,49.7,687.59,-0.016570803,0.02003088,0.006788224
2019/7/23,35.55,82803,0,5.49E+11,3961,116,49.7,688.18,0,0.01895514,0.006788224
2019/7/24,40.8,6166,0.032911392,5.49E+11,3961,78,49.7,688.6,0.03238141,0.0253893,0.016216283
2019/7/25,44.88,38382,0.1,5.50E+11,3961,71,49.7,687.37,0.09531018,0.04836207,0.040410955
2019/7/26,40.39,1,-0.100044563,5.49E+11,3961,97,49.7,687.96,-0.105410032,0.07821137,0.065592576
2019/7/30,36.35,38801,-0.098786828,5.51E+11,3961,99,49.7,688.41,-0.104013455,0.08791077,0.078392141
2019/7/31,40.04,1,0.1,5.50E+11,3961,64,49.7,688.41,0.09531018,0.09149587,0.090675042
2019/8/1,40.06,5000,0.0004995,5.50E+11,4000,38,49.5,689.38,0.000499376,0.07561146,0.089477794
2019/8/2,41,5000,0.025711433,5.48E+11,4000,25,49.5,689.96,0.025386453,0.06469022,0.077591247
2019/8/5,44.8,30700,0.090289608,5.49E+11,4000,24,49.5,692.25,0.086443357,0.07371017,0.071933773
2019/8/12,40.32,1,-0.1,5.42E+11,4000,89,49.5,702.11,-0.105360516,0.08552154,0.072401452
2019/8/13,43,1098,0.069444444,5.43E+11,4000,85,49.5,703.26,0.067139303,0.08098074,0.067271541
2019/8/14,40.58,7200,-0.05890538,5.43E+11,4000,143,49.5,703.12,-0.060711592,0.07540859,0.073997407
2019/8/20,41.1,6000,0.016510596,5.46E+11,4000,67,49.5,704.54,0.016375778,0.06375123,0.073528254
2019/8/27,40,23816,-0.028848485,5.47E+11,4000,85,49.5,708.1,-0.029272783,0.05547768,0.059863682
2019/8/28,41.1,30001,0.02646031,5.48E+11,4000,46,49.5,708.35,0.026116291,0.0490155,0.044549983
2019/9/4,40,4001,0.06979572,5.52E+11,3922,63,49.8,708.78,0.067467714,0.05729685,0.044643273
2019/9/5,40,11,-0.039099795,5.54E+11,3922,42,49.8,708.52,-0.039884721,0.05301331,0.039030349
2019/9/19,43,5224,0.021764845,5.63E+11,3922,48,49.8,707.32,0.021531372,0.04652247,0.039300928
2019/9/20,42,17000,-0.007640658,5.61E+11,3922,75,49.8,707.3,-0.007669997,0.03957832,0.035872787
2019/9/24,43.01,391,0.003499767,5.61E+11,3922,110,49.8,707.29,0.003493657,0.03388797,0.035421555
2019/9/25,43,10800,0.005812602,5.59E+11,3922,96,49.8,707.24,0.005795774,0.02956205,0.020508592
2019/9/27,44.5,1200,0.028663893,5.54E+11,3922,63,49.8,707.31,0.028260769,0.03134135,0.0129481
2019/9/30,40.05,1000,-0.1,5.48E+11,3922,46,49.8,707.29,-0.105360516,0.06460349,0.04661476
2019/10/10,42,51,0.088639201,5.53E+11,3878,69,49.3,707.3,0.084928477,0.06339479,0.061805414
2019/10/11,41,12200,-0.030275229,5.52E+11,3878,57,49.3,707.27,-0.030742989,0.06348813,0.063296871
2019/10/15,43,4860,0.068353832,5.55E+11,3878,39,49.3,707.08,0.066118989,0.05991268,0.069362638
2019/10/16,43,23928,0.058003099,5.56E+11,3878,49,49.3,707.46,0.056383263,0.06405254,0.071822133
2019/10/17,43.01,100,-0.100020925,5.55E+11,3878,52,49.3,707.89,-0.105383766,0.07933019,0.071829879
2019/10/18,43.5,4870,0.021855382,5.53E+11,3878,55,49.3,706.9,0.021619977,0.06791226,0.063334509
2019/10/21,44.5,7020,0.015699659,5.53E+11,3878,68,49.3,706.8,0.015577694,0.05822351,0.061280617
2019/10/22,44.5,11000,0.002016129,5.54E+11,3878,74,49.3,706.68,0.002014099,0.05092357,0.054735347
2019/10/23,41.01,11158,-0.002012072,5.54E+11,3878,70,49.3,707.52,-0.002014099,0.04199455,0.046677769
2019/10/24,44.88,8052,0.006272401,5.55E+11,3878,61,49.3,707.27,0.006252812,0.04109488,0.00871447
2019/10/25,44.9,5000,0,5.54E+11,3878,84,49.3,707.49,0,0.0307878,0.006237968
2019/10/28,44.5,4429,-0.009349955,5.57E+11,3878,95,49.3,707.62,-0.009393941,0.03363521,0.005166887
2019/10/29,40.06,2560,-0.099550562,5.56E+11,3878,128,49.3,706.17,-0.104861265,0.06014968,0.041729029
2019/10/30,36.16,22928,-0.097579236,5.55E+11,3878,131,49.3,705.82,-0.102674389,0.07371158,0.050573348
2019/11/1,39.78,2,0.100110619,5.54E+11,3863,87,50.2,704.37,0.095410738,0.07392602,0.074533219
2019/11/4,43,1,0.080945199,5.54E+11,3863,60,50.2,703.82,0.077835842,0.07457654,0.08533012
2019/11/6,43.3,19330,0.087674419,5.55E+11,3863,58,50.2,700.8,0.084041856,0.08278393,0.093024199
2019/11/7,44,20000,-0.059226,5.56E+11,3863,62,50.2,700.08,-0.061052338,0.07301063,0.083358647
2019/11/8,46.39,2638,0.056363636,5.55E+11,3863,45,50.2,699.45,0.054832479,0.06960155,0.057186648
2019/11/11,42.01,13346,-0.044965577,5.53E+11,3863,98,50.2,700.08,-0.046007894,0.06789118,0.062558045
2019/11/12,44.96,10864,0.013066006,5.52E+11,3863,74,50.2,700.08,0.012981382,0.05958307,0.056001674
2019/11/13,41.01,12841,-0.034912164,5.53E+11,3863,75,50.2,700.26,-0.03553616,0.05480883,0.042810196
2019/11/14,41,33270,0.016820276,5.54E+11,3863,68,50.2,700.83,0.016680382,0.04862843,0.036962566
2019/11/15,40.5,187456,0.001812826,5.52E+11,3863,62,50.2,700.91,0.001811185,0.04399266,0.02579982
2019/11/18,44,91245,-0.004750057,5.52E+11,3863,87,50.2,700.37,-0.004761374,0.03701092,0.018546948
2019/11/19,44,44489,0,5.54E+11,3863,93,50.2,700.3,0,0.03241237,0.017157534
2019/11/20,44,353655,0.012045455,5.54E+11,3863,65,50.2,701.18,0.011973485,0.02961505,0.007942478
2019/11/21,44,16154,-0.004042219,5.55E+11,3863,69,50.2,702.17,-0.004050411,0.02998953,0.006012908
2019/11/22,44,61718,0.025704622,5.53E+11,3863,80,50.2,703.06,0.025379813,0.02994734,0.011520869
2019/11/25,44.8,47242,-0.010991427,5.54E+11,3863,34,50.2,703.97,-0.011052279,0.02642303,0.012861104
2019/11/26,44.76,77605,-0.000666815,5.52E+11,3863,53,50.2,703.44,-0.000667037,0.02430194,0.01290994
2019/11/27,44.89,84583,0.00088968,5.53E+11,3863,49,50.2,703.49,0.000889284,0.02268504,0.012344084
2019/11/28,44,27806,0.004888889,5.52E+11,3863,38,50.2,702.71,0.004876977,0.02167952,0.011965188
2019/12/30,41.8,10799,-0.075630252,5.70E+11,3889,102,50.2,698.05,-0.078643127,0.0463996,0.031306907
2019/12/31,45.95,1000,0.099282297,5.70E+11,3889,34,50.2,697.62,0.094657509,0.0567545,0.054919303
2020/1/2,49.98,9859,0.087704026,5.73E+11,3846,82,50,696.14,0.084069077,0.06323609,0.063239447
2020/1/3,44.98,1,-0.100040016,5.74E+11,3846,72,50,696.81,-0.105404979,0.08506716,0.081665599
2020/1/7,40.5,1,-0.099599822,5.80E+11,3846,67,50,696.9,-0.104915972,0.07968985,0.091541799
2020/1/9,36.48,1000,-0.099259259,5.82E+11,3846,58,50,694.97,-0.104537809,0.09547861,0.09525438
2020/1/10,33,9857,0.100054825,5.81E+11,3846,45,50,693.51,0.095360019,0.0867478,0.095434405
2020/1/13,44.14,100,0.099925243,5.84E+11,3846,155,50,692.63,0.095242217,0.09641754,0.098104435
2020/1/14,42,10758,-0.048482102,5.85E+11,3846,156,50,689.54,-0.049696783,0.08119361,0.091247053
2020/1/15,37.85,50,-0.098809524,5.86E+11,3846,59,50,688.45,-0.104038638,0.09055966,0.091072172
2020/1/20,35.5,7,-0.018758256,5.86E+11,3846,173,50,686.64,-0.018936424,0.07635489,0.079690288
2020/1/22,35.03,1,-0.056812062,5.85E+11,3846,104,50,688.53,-0.058489719,0.07039821,0.067007029
2020/2/24,31.53,10649,-0.09962889,5.98E+11,3846,75,35.7,702.46,-0.104948256,0.07916431,0.033147
2020/2/26,34.69,1,0.099873177,6.03E+11,3846,44,35.7,701.26,0.095194879,0.08261141,0.073982428
2020/2/27,38.16,1,0.100028827,6.01E+11,3846,47,35.7,702.15,0.095336386,0.09099157,0.081156092
2020/2/28,41.98,41.98,0.100104822,5.93E+11,3846,52,35.7,700.66,0.095405468,0.08731247,0.087962821
2020/3/3,46.18,20,0.100047642,5.99E+11,3803,41,50,695.16,0.09535349,0.08867844,0.080108355
2020/3/4,45,8586,-0.025552187,6.01E+11,3803,47,50,695.14,-0.025884314,0.07944643,0.048482798
2020/3/6,42,20,-0.066666667,6.02E+11,3803,62,50,693.37,-0.068992871,0.07612464,0.071275038
2020/3/9,38.51,1919,-0.083095238,6.03E+11,3803,43,50,692.6,-0.08675167,0.07942423,0.078909677
2020/3/11,35,6656,-0.091145157,6.03E+11,3803,85,50,696.12,-0.095569886,0.08114784,0.070097387
2020/3/12,38.5,20,0.1,6.01E+11,3803,69,50,696.41,0.09531018,0.08892466,0.07008111
2020/3/13,40,20,0.038961039,5.97E+11,3803,42,50,700.33,0.038221213,0.07712794,0.076406537
2020/3/16,43.5,20,0.0875,5.90E+11,3803,44,50,700.18,0.083881484,0.08019358,0.082455043
2020/3/17,40,6430,-0.08045977,5.90E+11,3803,76,50,700.94,-0.083881484,0.08114602,0.081807684
2020/3/18,36.66,1550,-0.0835,5.87E+11,3803,104,50,703.28,-0.087193212,0.08282814,0.079737455
2020/3/20,33.5,4800,-0.08619749,5.85E+11,3803,64,50,710.52,-0.090140804,0.08488935,0.074014342
2020/3/23,36.85,2,0.1,5.81E+11,3803,47,50,709.4,0.09531018,0.08913412,0.086647188
2020/3/24,40.54,1,0.100135685,5.80E+11,3803,54,50,709.99,0.095433522,0.09191294,0.089400735
2020/3/25,44,1,0.085347805,5.81E+11,3803,66,50,707.42,0.081900493,0.08950257,0.088102773
2020/3/26,44,4550,0,5.80E+11,3803,69,50,706.92,0,0.07568215,0.072612871
2020/3/27,40,1,-0.090909091,5.78E+11,3803,43,50,704.27,-0.09531018,0.08131397,0.074422897
2020/3/31,36.01,1000,-0.09975,5.75E+11,3803,46,50,708.51,-0.105082776,0.08436999,0.08465852
2020/4/2,33,3850,0.083032491,5.71E+11,3855,58,50.8,709.95,0.079764968,0.08324633,0.081113004
2020/4/3,42,50,0.076923077,5.67E+11,3855,61,50.8,711.04,0.074107972,0.08387558,0.079433041
2020/4/7,44.5,50,0.05952381,5.69E+11,3855,75,50.8,709.39,0.057819571,0.0773484,0.084021936
2020/4/8,48.88,3110,0.098426966,5.68E+11,3855,80,50.8,704.83,0.093879126,0.08375471,0.073503834
2020/4/9,44,100,-0.099836334,5.69E+11,3855,65,50.8,705.36,-0.105178681,0.0853314,0.073541719
2020/4/10,40.5,100,-0.079545455,5.66E+11,3855,62,50.8,703.54,-0.08288766,0.08804168,0.084019566
2020/4/14,39.6,23,-0.022222222,5.66E+11,3855,112,50.8,704.06,-0.022472856,0.07424641,0.077332917
2020/4/16,36,250,-0.090909091,5.67E+11,3855,104,50.8,707.14,-0.09531018,0.08116445,0.073958085
2020/4/20,32.5,3160,0.083333333,5.67E+11,3855,100,50.8,706.57,0.080042708,0.08165246,0.068892791
2020/4/21,42,100,0.076923077,5.67E+11,3855,45,50.8,707.52,0.074107972,0.08017549,0.07473343
2020/4/24,46,428,0.095238095,5.65E+11,3855,98,50.8,708.03,0.090971778,0.08451688,0.072829506
2020/4/27,49.5,2049,0.076086957,5.65E+11,3855,55,50.8,707.03,0.073331273,0.08192038,0.070253239
2020/4/28,44.55,68,-0.1,5.62E+11,3855,59,50.8,707.1,-0.105360516,0.0843255,0.074258011
2020/5/7,40.1,1,-0.099887767,5.65E+11,3908,60,50.6,709.31,-0.10523582,0.08810558,0.090737
2020/5/8,36.09,2499,0.1,5.67E+11,3908,38,50.6,707.88,0.09531018,0.09535103,0.094267975
2020/5/12,48.47,1098,0.0988438,5.72E+11,3908,100,50.6,709.19,0.094258536,0.09016896,0.094841404
2020/5/13,43.62,600,-0.100061894,5.72E+11,3908,69,50.6,708.75,-0.105429289,0.09257177,0.098042014
2020/5/14,43.62,600,0,5.73E+11,3908,81,50.6,709.48,0,0.08214653,0.089520504
2020/5/15,43.62,600,0,5.72E+11,3908,57,50.6,709.36,0,0.06826525,0.07438837
2020/5/18,39.26,1000,-0.049977075,5.74E+11,3908,99,50.6,710.3,-0.051269163,0.06339729,0.066104138
2020/5/20,38,1000,-0.083011583,5.76E+11,3908,134,50.6,709.56,-0.086660438,0.07204277,0.043380142
2020/5/21,41.8,3713,0.1,5.76E+11,3908,88,50.6,708.68,0.09531018,0.07738623,0.06141548
2020/5/22,38,1,-0.090909091,5.74E+11,3908,78,50.6,709.39,-0.09531018,0.08523815,0.070002435
2020/5/25,38.1,22000,0.002631579,5.74E+11,3908,73,50.6,712.09,0.002628122,0.07126557,0.070217132
2020/5/26,35.19,1648,0.097112861,5.76E+11,3908,46,50.6,712.93,0.092682057,0.07952005,0.082776808
2020/5/27,38,3455,-0.041866029,5.76E+11,3908,74,50.6,710.92,-0.042767666,0.07044322,0.074889067
2020/5/29,41.9,1,0.04619226,5.74E+11,3908,87,50.6,713.16,0.045157153,0.06464524,0.065647545
2020/6/2,37.75,1136,-0.078997613,5.80E+11,3891,130,50.2,711.67,-0.082292651,0.07048776,0.061951138
2020/6/4,34.75,1176,0.096138896,5.82E+11,3891,89,50.2,710.12,0.091793911,0.0786511,0.071371302
2020/6/5,39.01,1339,0.01749409,5.83E+11,3891,41,50.2,709.65,0.01734283,0.0668698,0.061961759
2020/6/8,38.9,50,-0.096189591,5.85E+11,3891,52,50.2,708.82,-0.101135665,0.07431974,0.074292401
2020/6/9,35.01,979,0.079434447,5.86E+11,3891,30,50.2,707.11,0.076437244,0.07888601,0.079459588
2020/6/10,45,176,0.071683734,5.87E+11,3891,55,50.2,707.03,0.069230995,0.07691185,0.070523826
2020/6/12,49.58,4461,0.100222222,5.88E+11,3891,119,50.2,706.08,0.09551218,0.08390068,0.071180314
2020/6/15,39.5,2001,-0.202181377,5.90E+11,3891,59,50.2,709.02,-0.225873997,0.1447196,0.126120825
2020/6/16,35.6,10378,-0.007594937,5.93E+11,3891,72,50.2,707.55,-0.007623925,0.11958973,0.119015581
2020/6/17,39,1500,0.028826531,5.94E+11,3891,66,50.2,708.73,0.028418862,0.10098032,0.114433325
2020/6/18,36.3,661,-0.011405901,5.97E+11,3891,47,50.2,709.03,-0.011471447,0.08438082,0.107897112
2020/6/19,35.88,268,-0.032104339,5.96E+11,3891,85,50.2,709.13,-0.032630986,0.07224756,0.09018083
2020/7/3,38.81,1,0.005700959,6.31E+11,4017,46,51.1,706.38,0.00568477,0.05979107,0.020161031
2020/7/6,34.93,294,-0.099974233,6.54E+11,4017,53,51.1,706.63,-0.105331887,0.07769237,0.045762204
2020/7/7,38.42,1,0.099914114,6.67E+11,4017,91,51.1,703.1,0.095232099,0.08119234,0.064686725
2020/7/9,41.5,1,0.08016658,6.99E+11,4017,44,51.1,700.85,0.07711527,0.08029459,0.073330365
2020/7/20,40.81,15000,-0.016626506,7.30E+11,4017,50,51.1,699.28,-0.016766278,0.07069575,0.07183095
2020/7/23,36.73,6700,-0.099975496,7.39E+11,4017,91,51.1,699.21,-0.10533329,0.08261591,0.085883738
2020/7/24,40.38,8000,0.099373809,7.30E+11,4017,61,51.1,699.38,0.094740753,0.08754209,0.078947579
2020/7/27,40.38,6000,0,7.33E+11,4017,56,51.1,699.38,0,0.07321204,0.071838213
2020/7/28,40.2,10000,-0.001485884,7.34E+11,4017,67,51.1,698.95,-0.001486989,0.06239782,0.063541821
2020/7/29,40.36,5000,0.000992063,7.41E+11,4017,60,51.1,699.69,0.000991572,0.0527956,0.0633238
2020/7/30,40.5,6564,0.009167493,7.45E+11,4017,38,51.1,699.02,0.009125726,0.04507843,0.03721604
2020/7/31,40.6,5000,-0.001227596,7.48E+11,4017,29,51.1,698.48,-0.00122835,0.0382556,0.003924902
2020/8/3,40.8,1500,0.002949853,7.60E+11,4128,28,51,699.8,0.00294551,0.03294325,0.00387928
2020/8/4,40.6,5000,-0.001960784,7.61E+11,4128,28,51,698.03,-0.001962709,0.02889048,0.003970111
2020/8/5,40.5,6500,-0.004911591,7.69E+11,4128,31,51,697.52,-0.004923693,0.02615974,0.004866785
2020/8/6,40.2,5700,-0.000246792,7.72E+11,4128,78,51,694.38,-0.000246822,0.02431992,0.002548491
2020/8/7,36.8,20010,0.036781042,7.67E+11,4128,93,51,694.08,0.036120761,0.03217258,0.015083749
2020/8/10,38,55043,-0.032857143,7.72E+11,4128,67,51,696.49,-0.033409062,0.03419669,0.02211389
2020/8/11,36.8,10,-0.094042344,7.69E+11,4128,68,51,697.11,-0.098762711,0.06558452,0.045055726
2020/8/12,35,25644,-0.030163043,7.65E+11,4128,75,51,695.97,-0.030627308,0.05607921,0.044477056
2020/8/13,38.6,10,0.081535444,7.66E+11,4128,102,51,694.29,0.078381739,0.06677253,0.061302798
2020/8/14,40.75,5000,0.055699482,7.63E+11,4128,115,51,694.05,0.054203563,0.06394305,0.064354362
2020/8/17,40.1,32350,-0.013251534,7.74E+11,4128,54,51,693.62,-0.013340119,0.05285021,0.063136683
2020/8/18,39.62,30001,-0.014672967,7.78E+11,4128,49,51,693.25,-0.01478168,0.04462198,0.043187626
2020/8/19,40,1275,0.010600707,7.79E+11,4128,57,51,691.68,0.010544913,0.03837143,0.037266575
2020/8/20,40,6000,0.003246753,7.78E+11,4128,58,51,692.74,0.003241494,0.03311903,0.025053109
2020/8/21,39,45001,0.000995768,7.77E+11,4128,39,51,691.07,0.000995273,0.02926106,0.009834207
2020/8/24,39.5,41344,-0.017657299,7.78E+11,4128,32,51,691.94,-0.017815049,0.02836905,0.010909554
2020/8/25,40,5583,0.012658228,7.76E+11,4128,40,51,692.74,0.012578782,0.02750254,0.010770996
2020/8/26,39.65,25700,-0.00625,7.73E+11,4128,35,51,690.79,-0.006269613,0.02562397,0.010157161
2020/8/27,39.6,30144,-0.000251572,7.74E+11,4128,97,51,689.03,-0.000251604,0.02422016,0.009927725
2020/8/28,39.62,16800,-0.002767992,7.77E+11,4128,40,51,688.91,-0.00277183,0.02324778,0.009802407
2020/8/31,40.05,122648,0.011607368,7.82E+11,4128,27,51,686.05,0.011540519,0.0240291,0.007674636
2020/9/1,39.61,3701,-0.006235969,7.83E+11,4059,33,51.5,684.98,-0.006255494,0.02316994,0.006575049
2020/9/2,39.61,6001,-0.004769076,7.87E+11,4059,33,51.5,683.76,-0.004780485,0.02245238,0.006350515
2020/9/3,40,1000,0.008827238,7.88E+11,4059,132,51.5,683.19,0.008788506,0.02280892,0.007369986
2020/9/4,39.5,20822,0.003,7.86E+11,4059,131,51.5,683.59,0.002995509,0.02219852,0.007087694
2020/9/7,40.79,2000,0.0166999,7.84E+11,4059,179,51.5,683.86,0.01656199,0.02434744,0.008515483
2020/9/9,39.66,48500,-0.003187056,7.80E+11,4059,115,51.5,684.23,-0.003192145,0.02294392,0.007880842
2020/9/10,39.96,8316,-0.016232169,7.75E+11,4059,73,51.5,683.31,-0.016365354,0.02375153,0.011163131
2020/9/11,39.95,100,-0.00125,7.75E+11,4059,49,51.5,683.89,-0.001250782,0.02244253,0.010606967
2020/9/14,40,1125,0.001251564,7.77E+11,4059,52,51.5,683.61,0.001250782,0.02158905,0.010522817
2020/9/15,40,7932,0.00475,7.79E+11,4059,64,51.5,682.22,0.004738754,0.02124862,0.007206667
2020/9/17,40,17000,0.002488181,7.81E+11,4059,50,51.5,676.75,0.002485091,0.02073387,0.007521592
2020/9/21,39.69,4091,0.001489203,7.85E+11,4059,62,51.5,675.95,0.001488096,0.02024264,0.001938826
2020/9/22,40.98,3000,0.015613383,7.86E+11,4059,61,51.5,678.72,0.015492748,0.0223717,0.005344893
2020/9/23,40.9,18300,0.001220107,7.89E+11,4059,65,51.5,679.86,0.001219364,0.02122556,0.005349421
2020/9/24,40.5,13000,-0.005605654,7.88E+11,4059,59,51.5,680.28,-0.005621425,0.02048955,0.006871951
2020/9/25,40,2300,0.01127451,7.86E+11,4059,53,51.5,681.21,0.011211426,0.02123552,0.007587203
2020/9/28,41.01,5772,0.013572467,7.84E+11,4059,46,51.5,682.52,0.013481186,0.02215583,0.008055583
2020/9/29,41.5,3721,0.00047824,7.82E+11,4059,44,51.5,681.71,0.000478126,0.0209064,0.007134238
2020/9/30,41.99,9005,0.003824092,7.73E+11,4059,53,51.5,681.71,0.003816799,0.02021104,0.006994861
2020/10/12,41,2000,-0.023809524,7.86E+11,4000,59,51.4,671.26,-0.024097552,0.02369413,0.013402572
2020/10/14,41.01,1075,0.000243902,7.93E+11,4000,60,51.4,674.73,0.000243873,0.02193028,0.012408892
2020/10/15,41.46,12066,0.010972933,7.92E+11,4000,45,51.4,673.74,0.010913168,0.02187145,0.01182959
2020/10/16,40.09,124559,-0.011095031,7.92E+11,4000,53,51.4,673.32,-0.01115704,0.01918518,0.012301499
2020/10/19,40.02,23103,0.005609756,7.94E+11,4000,50,51.4,670.1,0.00559408,0.02058028,0.012547082
2020/10/20,40.5,34015,0.007033713,7.95E+11,4000,74,51.4,669.3,0.007009092,0.02018276,0.007645775
2020/10/21,42,4941,0.022157996,7.97E+11,4000,102,51.4,667.81,0.021916075,0.02350187,0.010671007
2020/10/22,42.1,1318,-0.00801131,7.97E+11,4000,93,51.4,665.56,-0.008043573,0.02201509,0.011857335
2020/10/23,40,64228,-0.043230404,7.91E+11,4000,81,51.4,667.03,-0.044192673,0.03232914,0.022430553
2020/10/26,40,145019,-0.003227408,7.90E+11,4000,57,51.4,667.25,-0.003232627,0.02832141,0.021984855
2020/10/27,40.2,78680,0.011706102,7.90E+11,4000,50,51.4,669.89,0.011638116,0.02643169,0.02257366
2020/10/28,40.2,113436,-0.009354998,7.92E+11,4000,52,51.4,671.95,-0.00939903,0.02426661,0.018358904
2020/10/29,40,42376,-0.002733598,7.95E+11,4000,41,51.4,672.6,-0.002737342,0.02239567,0.018630026
2020/11/2,41,15000,0.033889858,7.92E+11,4046,75,52.1,670.5,0.03332825,0.02880036,0.015344718
2020/11/4,39,10100,-0.003374307,7.97E+11,4046,43,52.1,667.71,-0.003380013,0.02573834,0.015362402
2020/11/5,37.23,110,-0.016928658,8.00E+11,4046,48,52.1,668.95,-0.017073585,0.02504495,0.017374866
2020/11/6,36.59,10,-0.099876999,7.99E+11,4046,83,52.1,662.9,-0.105223857,0.06530526,0.046227626
2020/11/9,34,205,0.094561356,8.07E+11,4046,59,52.1,661.23,0.090353694,0.0632084,0.064263143
2020/11/10,41.41,10000,0.034706617,8.07E+11,4046,69,52.1,658.97,0.034117924,0.06629334,0.064346754
2020/11/11,37.3,5,-0.099903475,8.06E+11,4046,69,52.1,660.7,-0.105253271,0.08213546,0.076999456
2020/11/12,33.6,10,-0.09919571,8.06E+11,4046,64,52.1,662.36,-0.10446726,0.09071841,0.08382788
2020/11/13,30.3,20,-0.098214286,8.06E+11,4046,60,52.1,662.85,-0.103378354,0.09545134,0.083535043
2020/11/16,28.6,105,-0.056105611,8.10E+11,4046,55,52.1,660.48,-0.057740995,0.08456686,0.053852509
2020/11/18,29.5,10653,0.031468531,8.11E+11,4046,39,52.1,655.93,0.030983546,0.07181405,0.052673106
2020/11/19,32.45,5,0.1,8.10E+11,4046,60,52.1,654.84,0.09531018,0.08221978,0.078864471
2020/11/20,35.7,5,0.100154083,8.11E+11,4046,49,52.1,657.86,0.095450246,0.08836238,0.080549112
2020/11/23,39.27,5,0.1,8.17E+11,4046,34,52.1,657.19,0.09531018,0.09209469,0.060206561
2020/11/24,39.73,3876,0.011713776,8.19E+11,4046,44,52.1,658.09,0.011645701,0.07568138,0.036785035
2020/11/25,41.5,5000,0.044550717,8.19E+11,4046,53,52.1,657.49,0.043586857,0.06759267,0.034689124
2020/11/26,41.45,10000,-0.000722892,8.17E+11,4046,60,52.1,657.8,-0.000723153,0.05558029,0.040495138
2020/11/30,41.45,5000,-0.000482276,8.21E+11,4046,77,52.1,657.82,-0.000482393,0.04573621,0.03649631
2020/12/2,41.5,5000,0.001206273,8.28E+11,3972,47,51.9,656.11,0.001205546,0.03786625,0.016896854
2020/12/4,41.49,5000,-0.000240964,8.29E+11,3972,53,51.9,655.07,-0.000240993,0.04349294,0.01747174
2020/12/7,41.49,5000,0,8.31E+11,3972,60,51.9,653.62,0,0.02740255,0.000671633
2020/12/8,41.49,5000,0,8.32E+11,3972,68,51.9,653.2,0,0.02449668,0.000582688
2020/12/9,41.5,4000,0.000241022,8.28E+11,3972,67,51.9,653.11,0.000240993,0.02267748,0.000505733
2020/12/21,39.73,27195,-0.040963855,8.42E+11,3972,100,51.9,655.07,-0.041826515,0.03502373,0.0167313
2020/12/23,35.82,4631,-0.1,8.45E+11,3972,102,51.9,655.58,-0.105360516,0.07261233,0.041307932
2020/12/28,39,245,0.088777219,8.50E+11,3972,115,51.9,652.36,0.085055249,0.07981539,0.062158918
2021/1/8,41.5,8000,0.064102564,8.83E+11,3975,54,51.3,647.08,0.062131781,0.06395996,0.069202739
2021/1/12,41.5,8500,0,8.91E+11,3975,96,51.3,648.23,0,0.05862811,0.069202672
2021/1/13,41.5,1500,0,8.94E+11,3975,99,51.3,646.05,0,0.04676235,0.066099471
2021/1/14,41.5,6000,0,8.93E+11,3975,103,51.3,647.46,0,0.03792545,0.036774854
2021/1/15,41.5,9000,0,8.92E+11,3975,82,51.3,646.33,0,0.03155976,0.024852712
2021/1/18,41.45,4000,-0.001204819,8.96E+11,3975,98,51.3,648.45,-0.001205546,0.02726039,0.000482218
2021/1/19,41.45,6000,0,8.98E+11,3975,70,51.3,648.83,0,0.02459916,0.000482218
2021/1/21,41.5,8000,0.001206273,9.08E+11,3975,70,51.3,646.96,0.001205546,0.02306916,0.000762454
2021/1/22,41.5,8000,0,9.07E+11,3975,57,51.3,646.17,0,0.02211715,0.000762454
2021/1/26,41.45,8000,-0.001204819,9.07E+11,3975,63,51.3,646.17,-0.001205546,0.0215045,0.000902148
2021/1/28,41.4,8000,-0.001206273,9.03E+11,3975,90,51.3,648.45,-0.001207001,0.02108792,0.000902459
2021/1/29,39.73,59335,-0.040338164,8.96E+11,3975,62,51.3,647.09,-0.041174311,0.03389218,0.016373468
2021/2/3,40.5,4531,0.019380821,8.96E+11,3975,63,50.6,646.69,0.019195404,0.03189035,0.019736813
2021/2/4,41.5,1000,0.024691358,8.91E+11,3975,68,50.6,646.05,0.024391453,0.03241676,0.023072237
2021/2/5,41.41,2770,-0.002168675,8.86E+11,3975,58,50.6,647.1,-0.00217103,0.02788773,0.023085555
2021/2/8,41.5,2000,0.002173388,8.84E+11,3975,38,50.6,646.78,0.00217103,0.02511704,0.023095424
2021/2/18,41.5,2000,0,8.88E+11,3975,41,50.6,645.36,0,0.02329496,0.010889173
2021/2/22,42,2000,0.012048193,8.99E+11,3975,61,50.6,645.63,0.011976191,0.02385044,0.009831356
2021/2/24,41.45,2000,-0.013095238,8.97E+11,3975,41,50.6,646.15,-0.013181737,0.02379056,0.008078656
2021/2/25,41.35,2000,-0.002412545,8.98E+11,3975,43,50.6,645.22,-0.00241546,0.02238459,0.008090917
2021/2/26,41.35,2000,0,8.93E+11,3975,40,50.6,647.13,0,0.02150926,0.008004992
2021/3/4,42,2000,0.015719468,8.97E+11,3979,62,51.9,647.58,0.015597197,0.0237718,0.010369267
2021/3/8,41.45,2000,-0.013095238,8.92E+11,3979,41,51.9,647.95,-0.013181737,0.02359902,0.010600677
2021/3/22,41.5,3500,0.001206273,8.87E+11,3979,63,51.9,651.91,0.001205546,0.02217925,0.009208994
2021/3/23,41.5,1000,0,8.85E+11,3979,77,51.9,650.36,0,0.02123297,0.009119887
2021/11/26,40,92339,-0.034457831,9.87E+11,3385,95,50.1,639.36,-0.035065503,0.03038989,0.017031279
2021/11/29,43,10,0.073122036,9.90E+11,3385,62,50.1,638.72,0.070572191,0.05508366,0.035424563
2021/11/30,43,10,0,9.91E+11,3385,63,50.1,637.94,0,0.04301954,0.034472944
2021/12/1,40.5,24532,-0.058139535,9.91E+11,3600,44,50.3,636.93,-0.059898142,0.05240602,0.043997324
2021/12/2,40.5,20010,0,9.87E+11,3600,73,50.3,637.19,0,0.04129147,0.043997324
2021/12/3,43,10,0.061728395,9.86E+11,3600,89,50.3,637.38,0.059898142,0.05279345,0.047243882
2021/12/6,40.5,30020,-0.058139535,9.85E+11,3600,77,50.3,637.02,-0.059898142,0.0571107,0.044823665
2021/12/7,43.5,10,0.074074074,9.83E+11,3600,73,50.3,637.38,0.071458964,0.06593883,0.056290346
2021/12/8,43.5,10,0,9.86E+11,3600,59,50.3,636.77,0,0.05091455,0.047456678
2021/12/9,43.6,10,0.003678161,9.87E+11,3600,100,50.3,634.98,0.003671413,0.04041252,0.047257852
2021/12/10,41,1535,-0.057031608,9.88E+11,3600,133,50.3,637.02,-0.058722515,0.05054412,0.048533912
2021/12/13,41.5,6000,0.026232694,9.92E+11,3600,54,50.3,636.69,0.025894518,0.04395958,0.042144571
2021/12/14,42.3,556,0.002366864,9.92E+11,3600,89,50.3,636.75,0.002364067,0.03562116,0.028264324
2021/12/16,41.5,4027,-0.003541913,9.93E+11,3600,69,50.3,636.37,-0.0035482,0.02987507,0.028165248
2021/12/17,42.45,10,0.005924171,9.88E+11,3600,65,50.3,636.51,0.005906692,0.02649334,0.028333529
2021/12/20,42,11,-0.010600707,9.86E+11,3600,101,50.3,639.33,-0.010657294,0.02477597,0.012308476
2021/12/22,40.5,50010,-0.035714286,9.86E+11,3600,101,50.3,637.03,-0.036367644,0.03277222,0.015042292
2021/12/23,42.77,10,0.056049383,9.87E+11,3600,78,50.3,636.51,0.054534948,0.04662881,0.02979344
2021/12/27,42.5,10,-0.006312836,9.83E+11,3600,65,50.3,636.86,-0.006332846,0.03733369,0.029917225
2021/12/28,43,10,0.011764706,9.85E+11,3600,101,50.3,637.28,0.01169604,0.03212357,0.030179471
2021/12/30,43.2,136,0.004651163,9.85E+11,3600,109,50.3,636.74,0.00464038,0.02781677,0.029449556
2021/12/31,39,10,-0.097222222,9.81E+11,3600,78,50.3,637.57,-0.102278849,0.0704419,0.051669319
2022/1/4,42.9,10,0.1,9.80E+11,3750,72,50.1,637.94,0.09531018,0.08384655,0.062835637
2022/1/5,42.9,10,0,9.76E+11,3750,41,50.1,637.79,0,0.05898809,0.06274675
2022/1/6,42.9,10,0,9.76E+11,3750,36,50.1,637.28,0,0.05032076,0.062554684
2022/1/7,43,10,0.002331002,9.67E+11,3750,49,50.1,637.42,0.00232829,0.04021528,0.062523768
2022/1/10,43.37,10,0.008604651,9.68E+11,3750,150,50.1,636.53,0.008567842,0.04128162,0.037166929
2022/1/11,42,210,-0.030205211,9.67E+11,3750,78,50.1,636.84,-0.030670788,0.03457204,0.013720923
2022/1/12,42.5,10,0.010461246,9.69E+11,3750,77,50.1,636.58,0.010406906,0.03036516,0.014901535
2022/1/13,42.5,10,0,9.67E+11,3750,79,50.1,635.42,0,0.02664057,0.014901535
2022/1/14,42.5,10,0,9.65E+11,3750,50,50.1,636.77,0,0.0243142,0.014798982
2022/1/17,42,2466,-0.004705882,9.66E+11,3750,59,50.1,635.99,-0.00471699,0.02298602,0.013758213
2022/1/18,42,11,-0.006382979,9.65E+11,3750,52,50.1,635.21,-0.006403437,0.02563652,0.005855866
2022/1/19,42.5,6,0.011182489,9.60E+11,3750,68,50.1,636.24,0.011120427,0.02321605,0.006114211
2022/1/24,42.5,20,0,9.45E+11,3750,73,50.1,634.11,0,0.02214543,0.006114211
2022/1/25,41.5,2050,-0.017411765,9.39E+11,3750,108,50.1,634.18,-0.017565132,0.0228695,0.009313914
2022/1/26,42.5,10,0.017720307,9.36E+11,3750,62,50.1,632.46,0.017565132,0.02585339,0.012468245
2022/1/27,42.5,1010,0,9.29E+11,3750,50,50.1,633.82,0,0.02364181,0.011966611
2022/1/28,42.5,10,0,9.14E+11,3750,35,50.1,637.46,0,0.02228737,0.011109165
2022/2/9,44,10,0.035294118,9.17E+11,3900,38,50.2,636.53,0.034685558,0.03217902,0.01777379
2022/2/10,44,10,0,9.16E+11,3900,43,50.2,635.99,0,0.02761661,0.013896725
2022/2/14,44,10,0,9.13E+11,3900,57,50.2,636.64,0,0.02474655,0.013874223
2022/2/15,44,3000,0.0075,9.16E+11,3900,67,50.2,636.05,0.007472015,0.02365432,0.013442223
2022/2/16,44.2,12,-0.00270697,9.16E+11,3900,40,50.2,634.63,-0.002710641,0.02227866,0.013820669
2022/2/17,44.18,10,-0.00067858,9.16E+11,3900,43,50.2,633.21,-0.00067881,0.0213997,0.003472921
2022/2/18,43.98,10,-0.004526935,9.14E+11,3900,36,50.2,633.43,-0.004537213,0.02094405,0.004103275
2022/2/22,45,510,0.02319236,9.18E+11,3900,72,50.2,634.87,0.022927505,0.02603174,0.010088511
2022/2/23,44,939,-0.022222222,9.22E+11,3900,45,50.2,633.13,-0.022472856,0.02747053,0.014477073
2022/2/24,45,10,0.022727273,9.21E+11,3900,54,50.2,632.8,0.022472856,0.02903475,0.017286045
2022/2/28,46,10,0.022222222,9.20E+11,3900,92,50.2,632.22,0.021978907,0.02967842,0.018511905
2022/3/1,46,1000,0,9.21E+11,4017,117,49.5,630.14,0,0.02593792,0.017974894
2022/3/2,48,10,0.043478261,9.22E+11,4017,82,49.5,633.51,0.042559614,0.03704882,0.022232442
2022/3/3,48,359,0.035,9.21E+11,4017,78,49.5,630.16,0.034401427,0.03857139,0.014385178
2022/3/7,45.4,17,0.012882448,9.20E+11,4017,50,49.5,634.78,0.012800175,0.03311906,0.015129605
2022/3/8,50,15,0.066573927,9.19E+11,4017,68,49.5,631.85,0.064451574,0.05129102,0.022611112
2022/3/9,53,17011,0.008384572,9.17E+11,4017,64,49.5,631.78,0.008349617,0.04120488,0.020479442
2022/3/10,54,1062,0.01736881,9.17E+11,4017,71,49.5,631.05,0.017219696,0.03576233,0.020501413
2022/3/11,56,2368,0.023792227,9.15E+11,4017,73,49.5,633.06,0.023513602,0.0339636,0.020223174
2022/3/14,56.37,906,0.005854178,9.14E+11,4017,62,49.5,635.06,0.005837109,0.02957267,0.021247518
2022/3/15,55.5,27,-0.011111111,9.06E+11,4017,57,49.5,637.6,-0.011173301,0.02652561,0.011792225
2022/3/16,57.95,12500,0.034064562,9.05E+11,4017,88,49.5,638,0.033497213,0.03276433,0.015369449
2022/3/17,60,3514,0.0348396,9.03E+11,4017,32,49.5,634.06,0.034246439,0.03609687,0.017493999
2022/3/18,60,3514,0,8.98E+11,4017,40,49.5,634.25,0,0.03026263,0.01830223
2022/3/21,56,20,-0.029166667,9.01E+11,4017,45,49.5,636.77,-0.02960047,0.03238077,0.025101543
2022/3/22,60,10,0.030042918,9.01E+11,4017,49,49.5,636.64,0.02960047,0.03404207,0.025017662
2022/3/23,57.7,11,-0.0035,9.02E+11,4017,56,49.5,635.58,-0.003506139,0.02896082,0.023445656
2022/3/24,53.81,3468,-0.076935942,9.01E+11,4017,59,49.5,636.4,-0.080056645,0.05735849,0.036816266
2022/3/25,49.67,11,-0.01213988,8.97E+11,4017,45,49.5,637.39,-0.012214171,0.04585668,0.036022982
2022/3/29,44.59,5204,-0.009170946,8.95E+11,4017,63,49.5,636.4,-0.009213258,0.03756654,0.035762815
2022/3/30,48.62,6690,-0.00055535,8.98E+11,4017,80,49.5,635.66,-0.000555504,0.0329668,0.029758221
2022/3/31,53.99,10010,0.000185219,8.94E+11,4017,48,49.5,634.82,0.000185202,0.02719682,0.030227857
2022/4/6,59,10,0.092592593,8.92E+11,4001,94,47.4,637.99,0.088553397,0.06110589,0.037907396
2022/4/7,59.48,10,0.008135593,8.90E+11,4001,122,47.4,636.59,0.008102678,0.04348169,0.03598961
2022/4/11,59.48,10,0,8.82E+11,4001,119,47.4,636.45,0,0.04020523,0.034795145
2022/4/12,60,10,0.008742434,8.82E+11,4001,90,47.4,637.95,0.008704441,0.03418448,0.03392692
2022/4/13,59.8,10,-0.003333333,8.80E+11,4001,37,47.4,637.52,-0.003338901,0.0294584,0.034387763
2022/4/15,56.5,20,-0.02909699,8.76E+11,4001,81,47.4,638.96,-0.029528702,0.03178963,0.013949375
2022/4/19,58.4,5022,0.024801929,8.75E+11,4001,114,47.4,637.2,0.024499354,0.03186688,0.017658174
2022/4/20,59,10,-0.008403361,8.74E+11,4001,134,47.4,639.96,-0.008438869,0.02826804,0.017984226
2022/4/21,58.5,10,-0.008474576,8.68E+11,4001,110,47.4,640.98,-0.00851069,0.02587105,0.017313341
2022/4/22,60,1010,0.025641026,8.62E+11,4001,98,47.4,645.96,0.025317808,0.02875108,0.021234739
2022/4/26,59.5,1000,-0.008333333,8.34E+11,4001,38,47.4,655.9,-0.00836825,0.02576376,0.016339156
2022/4/27,60,11100,0.008403361,8.30E+11,4001,62,47.4,655.98,0.00836825,0.02407244,0.013495832
2022/4/28,61,3510,0.019333333,8.24E+11,4001,68,47.4,656.28,0.019148819,0.0260034,0.013867875
2022/4/29,61,5340,-0.002616089,8.18E+11,4001,59,47.4,661.77,-0.002619517,0.02387986,0.012683451
2022/5/5,61,11,0.014918033,8.21E+11,4176,79,49.6,656.72,0.014807853,0.02192259,0.010358218
2022/5/10,62,13,0.001453723,8.25E+11,4176,54,49.6,671.34,0.001452668,0.02275727,0.008076535
2022/5/11,63,10,0.016129032,8.28E+11,4176,52,49.6,672.9,0.016000341,0.02393967,0.008658369
2022/5/12,63,10,0,8.29E+11,4176,48,49.6,672.92,0,0.02240533,0.007855364
2022/5/13,63,10,0,8.28E+11,4176,58,49.6,678.98,0,0.02138499,0.007338134
2022/5/17,63,10,0,8.29E+11,4176,132,49.6,678.54,0,0.02068901,0.006280122
2022/5/18,63,10,0,8.30E+11,4176,109,49.6,674.21,0,0.02019277,0.006400137
2022/5/19,63,10,0,8.30E+11,4176,79,49.6,675.24,0,0.01981623,0
2022/5/20,63,10,0,8.29E+11,4176,39,49.6,674.87,0,0.01951121,0
2022/5/23,63,10,0,8.31E+11,4176,72,49.6,667.56,0,0.0192469,0
2022/5/24,63,663,0,8.28E+11,4176,62,49.6,665.66,0,0.01900377,0
2022/5/25,63,10,0,8.29E+11,4176,59,49.6,665.5,0,0.01877117,0
2022/5/26,63,10,0,8.30E+11,4176,42,49.6,667.66,0,0.01854031,0
2022/5/30,57,1010,-0.094285714,8.28E+11,4176,77,49.6,670.48,-0.099031381,0.0652649,0.039612552
2022/5/31,62.77,10,0.100070102,8.28E+11,4176,70,49.6,666.07,0.095373907,0.0600872,0.061482877
2022/6/1,63,10,0.003664171,8.27E+11,4146,80,50.2,666.51,0.003657474,0.06155586,0.061508981
2022/6/2,63,10,0,8.25E+11,4146,70,50.2,670.95,0,0.04804954,0.061508981
2022/6/6,63,10,0,8.32E+11,4146,109,50.2,666.91,0,0.04294405,0.061508981
2022/6/8,61.98,10,-0.016190476,8.36E+11,4146,75,50.2,666.34,-0.016322974,0.03937292,0.040019652
2022/6/9,62.5,5010,0.008389803,8.36E+11,4146,90,50.2,668.11,0.008354804,0.03567538,0.008317487
2022/6/10,63,10,0.008,8.36E+11,4146,50,50.2,669.94,0.00796817,0.03274193,0.008941297
